﻿<?xml version="1.0" encoding="utf-8"?>
<HelpKI>
  <HelpKINode Title="EntryPoint class">
    <HelpKINode Title="EntryPoint Class" Url="html/a8850c37-9690-1802-bfe1-36255ab68289.htm" />
    <HelpKINode Title="methods" Url="html/47c3d4d3-b0da-3c91-292e-0e506b40cb5a.htm" />
  </HelpKINode>
  <HelpKINode Title="EntryPoint.Main method" Url="html/6df1f4c9-b38b-c8d9-86b8-1cdf99a1b176.htm" />
  <HelpKINode Title="Main method" Url="html/6df1f4c9-b38b-c8d9-86b8-1cdf99a1b176.htm" />
  <HelpKINode Title="Microsoft.VisualStudio.HostingProcess namespace" Url="html/33e698fe-a2d0-4c2c-c584-b8b625374bf6.htm" />
  <HelpKINode Title="Microsoft.VisualStudio.HostingProcess.EntryPoint class" Url="html/a8850c37-9690-1802-bfe1-36255ab68289.htm" />
</HelpKI>
